low,high
0.48281572328177974,0.8514684933949399
