low,high
-352.1999888,-282.5686499
