low,high
7.149652528,19.87048256
