min,low,high
3.8748014546286957,10.66007427,16.10362798
