low,high
256.5044659715984,260.55728448223033
