low,high
270.1788191730705,276.38527830826536
