min,low,high
9.239486050157758,14.56844597,18.6620963
