low,high
271.6921801374244,277.7658755939125
