channel,low,high
C07,93.50164380303565,117.48905852238454
