low,high
243.08636119490484,246.0894738217736
