low,high
4.914725639217739,6.37437271470656
