low,high
3.7093825742210513,7.988710817674768
