low,high
-35.87951818769363,-25.825201884716826
